Castellane,Estrangin,Vieux-Port,Colbert,Baille,La Timone,La Blancarde,Louis Armand,Saint-Barnabe,La Fourragere,Perier,Rond-Point du Prado,Sainte-Marguerite Dromel
Castellane,Notre-Dame du Mont,Noailles,Saint-Charles,Baille,La Timone,La Blancarde,Louis Armand,Saint-Barnabe,La Fourragere,Perier,Rond-Point du Prado,Sainte-Marguerite Dromel,Reformes Canebiere,Cinq Avenues Longchamp,Chartreux,Saint-Just,Malpasse,Frais Vallon,La Rose,Jules Guesde,Joliette,Desiree Clary,National,Bougainville,Geze
Estrangin,Vieux-Port,Colbert,Saint-Charles,Reformes Canebiere,Cinq Avenues Longchamp,Chartreux,Saint-Just,Malpasse,Frais Vallon,La Rose,Jules Guesde,Joliette,Desiree Clary,National,Bougainville,Geze
Estrangin,Castellane,Notre-Dame du Mont,Noailles,Baille,La Timone,La Blancarde,Louis Armand,Saint-Barnabe,La Fourragere,Perier,Rond-Point du Prado,Sainte-Marguerite Dromel
Vieux-Port,Colbert,Saint-Charles,Noailles,Reformes Canebiere,Cinq Avenues Longchamp,Chartreux,Saint-Just,Malpasse,Frais Vallon,La Rose,Jules Guesde,Joliette,Desiree Clary,National,Bougainville,Geze
Vieux-Port,Estrangin,Castellane,Notre-Dame du Mont,Baille,La Timone,La Blancarde,Louis Armand,Saint-Barnabe,La Fourragere,Perier,Rond-Point du Prado,Sainte-Marguerite Dromel
Colbert,Vieux-Port,Estrangin,Castellane,Baille,La Timone,La Blancarde,Louis Armand,Saint-Barnabe,La Fourragere,Perier,Rond-Point du Prado,Sainte-Marguerite Dromel
Colbert,Saint-Charles,Noailles,Notre-Dame du Mont,Reformes Canebiere,Cinq Avenues Longchamp,Chartreux,Saint-Just,Malpasse,Frais Vallon,La Rose,Jules Guesde,Joliette,Desiree Clary,National,Bougainville,Geze
Saint-Charles,Noailles,Notre-Dame du Mont,Castellane,Baille,La Timone,La Blancarde,Louis Armand,Saint-Barnabe,La Fourragere,Perier,Rond-Point du Prado,Sainte-Marguerite Dromel,Reformes Canebiere,Cinq Avenues Longchamp,Chartreux,Saint-Just,Malpasse,Frais Vallon,La Rose,Jules Guesde,Joliette,Desiree Clary,National,Bougainville,Geze
Saint-Charles,Colbert,Vieux-Port,Estrangin,Reformes Canebiere,Cinq Avenues Longchamp,Chartreux,Saint-Just,Malpasse,Frais Vallon,La Rose,Jules Guesde,Joliette,Desiree Clary,National,Bougainville,Geze
Noailles,Notre-Dame du Mont,Castellane,Estrangin,Baille,La Timone,La Blancarde,Louis Armand,Saint-Barnabe,La Fourragere,Perier,Rond-Point du Prado,Sainte-Marguerite Dromel
Noailles,Saint-Charles,Colbert,Vieux-Port,Reformes Canebiere,Cinq Avenues Longchamp,Chartreux,Saint-Just,Malpasse,Frais Vallon,La Rose,Jules Guesde,Joliette,Desiree Clary,National,Bougainville,Geze
Notre-Dame du Mont,Castellane,Estrangin,Vieux-Port,Baille,La Timone,La Blancarde,Louis Armand,Saint-Barnabe,La Fourragere,Perier,Rond-Point du Prado,Sainte-Marguerite Dromel
Notre-Dame du Mont,Noailles,Saint-Charles,Colbert,Reformes Canebiere,Cinq Avenues Longchamp,Chartreux,Saint-Just,Malpasse,Frais Vallon,La Rose,Jules Guesde,Joliette,Desiree Clary,National,Bougainville,Geze
Baille,La Timone,La Blancarde,Louis Armand,Saint-Barnabe,La Fourragere
Castellane,Estrangin,Vieux-Port,Colbert,Saint-Charles,Noailles,Notre-Dame du Mont,Perier,Rond-Point du Prado,Sainte-Marguerite Dromel,Reformes Canebiere,Cinq Avenues Longchamp,Chartreux,Saint-Just,Malpasse,Frais Vallon,La Rose,Jules Guesde,Joliette,Desiree Clary,National,Bougainville,Geze
La Timone,La Blancarde,Louis Armand,Saint-Barnabe,La Fourragere
Castellane,Estrangin,Vieux-Port,Colbert,Saint-Charles,Noailles,Notre-Dame du Mont,Baille,Perier,Rond-Point du Prado,Sainte-Marguerite Dromel,Reformes Canebiere,Cinq Avenues Longchamp,Chartreux,Saint-Just,Malpasse,Frais Vallon,La Rose,Jules Guesde,Joliette,Desiree Clary,National,Bougainville,Geze
La Blancarde,Louis Armand,Saint-Barnabe,La Fourragere
Castellane,Estrangin,Vieux-Port,Colbert,Saint-Charles,Noailles,Notre-Dame du Mont,Baille,La Timone,Perier,Rond-Point du Prado,Sainte-Marguerite Dromel,Reformes Canebiere,Cinq Avenues Longchamp,Chartreux,Saint-Just,Malpasse,Frais Vallon,La Rose,Jules Guesde,Joliette,Desiree Clary,National,Bougainville,Geze
Louis Armand,Saint-Barnabe,La Fourragere
Castellane,Estrangin,Vieux-Port,Colbert,Saint-Charles,Noailles,Notre-Dame du Mont,Baille,La Timone,La Blancarde,Perier,Rond-Point du Prado,Sainte-Marguerite Dromel,Reformes Canebiere,Cinq Avenues Longchamp,Chartreux,Saint-Just,Malpasse,Frais Vallon,La Rose,Jules Guesde,Joliette,Desiree Clary,National,Bougainville,Geze
Saint-Barnabe,La Fourragere
Castellane,Estrangin,Vieux-Port,Colbert,Saint-Charles,Noailles,Notre-Dame du Mont,Baille,La Timone,La Blancarde,Louis Armand,Perier,Rond-Point du Prado,Sainte-Marguerite Dromel,Reformes Canebiere,Cinq Avenues Longchamp,Chartreux,Saint-Just,Malpasse,Frais Vallon,La Rose,Jules Guesde,Joliette,Desiree Clary,National,Bougainville,Geze
La Fourragere
Castellane,Estrangin,Vieux-Port,Colbert,Saint-Charles,Noailles,Notre-Dame du Mont,Baille,La Timone,La Blancarde,Louis Armand,Saint-Barnabe,Perier,Rond-Point du Prado,Sainte-Marguerite Dromel,Reformes Canebiere,Cinq Avenues Longchamp,Chartreux,Saint-Just,Malpasse,Frais Vallon,La Rose,Jules Guesde,Joliette,Desiree Clary,National,Bougainville,Geze
Perier,Rond-Point du Prado,Sainte-Marguerite Dromel
Castellane,Estrangin,Vieux-Port,Colbert,Saint-Charles,Noailles,Notre-Dame du Mont,Baille,La Timone,La Blancarde,Louis Armand,Saint-Barnabe,La Fourragere,Reformes Canebiere,Cinq Avenues Longchamp,Chartreux,Saint-Just,Malpasse,Frais Vallon,La Rose,Jules Guesde,Joliette,Desiree Clary,National,Bougainville,Geze
Rond-Point du Prado,Sainte-Marguerite Dromel
Castellane,Estrangin,Vieux-Port,Colbert,Saint-Charles,Noailles,Notre-Dame du Mont,Baille,La Timone,La Blancarde,Louis Armand,Saint-Barnabe,La Fourragere,Perier,Reformes Canebiere,Cinq Avenues Longchamp,Chartreux,Saint-Just,Malpasse,Frais Vallon,La Rose,Jules Guesde,Joliette,Desiree Clary,National,Bougainville,Geze
Sainte-Marguerite Dromel
Castellane,Estrangin,Vieux-Port,Colbert,Saint-Charles,Noailles,Notre-Dame du Mont,Baille,La Timone,La Blancarde,Louis Armand,Saint-Barnabe,La Fourragere,Perier,Rond-Point du Prado,Reformes Canebiere,Cinq Avenues Longchamp,Chartreux,Saint-Just,Malpasse,Frais Vallon,La Rose,Jules Guesde,Joliette,Desiree Clary,National,Bougainville,Geze
Reformes Canebiere,Cinq Avenues Longchamp,Chartreux,Saint-Just,Malpasse,Frais Vallon,La Rose
Castellane,Estrangin,Vieux-Port,Colbert,Saint-Charles,Noailles,Notre-Dame du Mont,Baille,La Timone,La Blancarde,Louis Armand,Saint-Barnabe,La Fourragere,Perier,Rond-Point du Prado,Sainte-Marguerite Dromel,Jules Guesde,Joliette,Desiree Clary,National,Bougainville,Geze
Cinq Avenues Longchamp,Chartreux,Saint-Just,Malpasse,Frais Vallon,La Rose
Castellane,Estrangin,Vieux-Port,Colbert,Saint-Charles,Noailles,Notre-Dame du Mont,Baille,La Timone,La Blancarde,Louis Armand,Saint-Barnabe,La Fourragere,Perier,Rond-Point du Prado,Sainte-Marguerite Dromel,Reformes Canebiere,Jules Guesde,Joliette,Desiree Clary,National,Bougainville,Geze
Chartreux,Saint-Just,Malpasse,Frais Vallon,La Rose
Castellane,Estrangin,Vieux-Port,Colbert,Saint-Charles,Noailles,Notre-Dame du Mont,Baille,La Timone,La Blancarde,Louis Armand,Saint-Barnabe,La Fourragere,Perier,Rond-Point du Prado,Sainte-Marguerite Dromel,Reformes Canebiere,Cinq Avenues Longchamp,Jules Guesde,Joliette,Desiree Clary,National,Bougainville,Geze
Saint-Just,Malpasse,Frais Vallon,La Rose
Castellane,Estrangin,Vieux-Port,Colbert,Saint-Charles,Noailles,Notre-Dame du Mont,Baille,La Timone,La Blancarde,Louis Armand,Saint-Barnabe,La Fourragere,Perier,Rond-Point du Prado,Sainte-Marguerite Dromel,Reformes Canebiere,Cinq Avenues Longchamp,Chartreux,Jules Guesde,Joliette,Desiree Clary,National,Bougainville,Geze
Malpasse,Frais Vallon,La Rose
Castellane,Estrangin,Vieux-Port,Colbert,Saint-Charles,Noailles,Notre-Dame du Mont,Baille,La Timone,La Blancarde,Louis Armand,Saint-Barnabe,La Fourragere,Perier,Rond-Point du Prado,Sainte-Marguerite Dromel,Reformes Canebiere,Cinq Avenues Longchamp,Chartreux,Saint-Just,Jules Guesde,Joliette,Desiree Clary,National,Bougainville,Geze
Frais Vallon,La Rose
Castellane,Estrangin,Vieux-Port,Colbert,Saint-Charles,Noailles,Notre-Dame du Mont,Baille,La Timone,La Blancarde,Louis Armand,Saint-Barnabe,La Fourragere,Perier,Rond-Point du Prado,Sainte-Marguerite Dromel,Reformes Canebiere,Cinq Avenues Longchamp,Chartreux,Saint-Just,Malpasse,Jules Guesde,Joliette,Desiree Clary,National,Bougainville,Geze
La Rose
Castellane,Estrangin,Vieux-Port,Colbert,Saint-Charles,Noailles,Notre-Dame du Mont,Baille,La Timone,La Blancarde,Louis Armand,Saint-Barnabe,La Fourragere,Perier,Rond-Point du Prado,Sainte-Marguerite Dromel,Reformes Canebiere,Cinq Avenues Longchamp,Chartreux,Saint-Just,Malpasse,Frais Vallon,Jules Guesde,Joliette,Desiree Clary,National,Bougainville,Geze
Jules Guesde,Joliette,Desiree Clary,National,Bougainville,Geze
Castellane,Estrangin,Vieux-Port,Colbert,Saint-Charles,Noailles,Notre-Dame du Mont,Baille,La Timone,La Blancarde,Louis Armand,Saint-Barnabe,La Fourragere,Perier,Rond-Point du Prado,Sainte-Marguerite Dromel,Reformes Canebiere,Cinq Avenues Longchamp,Chartreux,Saint-Just,Malpasse,Frais Vallon,La Rose
Joliette,Desiree Clary,National,Bougainville,Geze
Castellane,Estrangin,Vieux-Port,Colbert,Saint-Charles,Noailles,Notre-Dame du Mont,Baille,La Timone,La Blancarde,Louis Armand,Saint-Barnabe,La Fourragere,Perier,Rond-Point du Prado,Sainte-Marguerite Dromel,Reformes Canebiere,Cinq Avenues Longchamp,Chartreux,Saint-Just,Malpasse,Frais Vallon,La Rose,Jules Guesde
Desiree Clary,National,Bougainville,Geze
Castellane,Estrangin,Vieux-Port,Colbert,Saint-Charles,Noailles,Notre-Dame du Mont,Baille,La Timone,La Blancarde,Louis Armand,Saint-Barnabe,La Fourragere,Perier,Rond-Point du Prado,Sainte-Marguerite Dromel,Reformes Canebiere,Cinq Avenues Longchamp,Chartreux,Saint-Just,Malpasse,Frais Vallon,La Rose,Jules Guesde,Joliette
National,Bougainville,Geze
Castellane,Estrangin,Vieux-Port,Colbert,Saint-Charles,Noailles,Notre-Dame du Mont,Baille,La Timone,La Blancarde,Louis Armand,Saint-Barnabe,La Fourragere,Perier,Rond-Point du Prado,Sainte-Marguerite Dromel,Reformes Canebiere,Cinq Avenues Longchamp,Chartreux,Saint-Just,Malpasse,Frais Vallon,La Rose,Jules Guesde,Joliette,Desiree Clary
Bougainville,Geze
Castellane,Estrangin,Vieux-Port,Colbert,Saint-Charles,Noailles,Notre-Dame du Mont,Baille,La Timone,La Blancarde,Louis Armand,Saint-Barnabe,La Fourragere,Perier,Rond-Point du Prado,Sainte-Marguerite Dromel,Reformes Canebiere,Cinq Avenues Longchamp,Chartreux,Saint-Just,Malpasse,Frais Vallon,La Rose,Jules Guesde,Joliette,Desiree Clary,National
Geze
Castellane,Estrangin,Vieux-Port,Colbert,Saint-Charles,Noailles,Notre-Dame du Mont,Baille,La Timone,La Blancarde,Louis Armand,Saint-Barnabe,La Fourragere,Perier,Rond-Point du Prado,Sainte-Marguerite Dromel,Reformes Canebiere,Cinq Avenues Longchamp,Chartreux,Saint-Just,Malpasse,Frais Vallon,La Rose,Jules Guesde,Joliette,Desiree Clary,National,Bougainville
